episode,timestep,reward
1,251,-1023.5970553685272
2,431,-1027.5018798769552
3,554,-1024.7240259781327
