episode,timestep,reward
1,353,-1020.4956881785856
2,516,-1021.0344398745103
