episode,timestep,reward
1,396,-1187.17484857866
2,566,-1197.715916000221
3,760,-1201.5549486847233
4,836,-1188.8209566448131
5,894,-1181.0704794556998
6,951,-1176.9098634335212
