episode,timestep,reward
1,410,-1189.4071877611852
2,563,-1199.7500483861036
